Google Map Link/ Coordinate,Type on map,Name on map,Name on map Bangla,Icon,Detail when people scroll on it,Images
https://maps.app.goo.gl/wAiL9vgSeRhNJwbd8,Project,Matarbari Coal Power Plant,মাতারবাড়ি কয়লা বিদ্যুৎ কেন্দ্র,Chimney with smoke/ black smoke stack,Matarbari 1 coal power plant (1.2 GW),
https://maps.app.goo.gl/BdztA2qZetr5Tczr6,Overlay,Moheshkhali Hill Reserve Forest,মহেশখালী পাহাড় সংরক্ষিত বন,Mangrove/ trees,,
https://maps.app.goo.gl/mERfNHPSA8ymWtbB9,Overlay,Adinath Temple,শ্রীশ্রী আদিনাথ মন্দির,Hindu Temple,,
https://maps.app.goo.gl/E9uB8aq1CRGG1m8L6,Overlay,Sonadia Mangrove Forest,সোনাদিয়া ম্যানগ্রোভ ফরেস্ট,Mangrove/ trees,,
https://maps.app.goo.gl/NjyhGoFGsqjUghab6,Project,Moheshkhali floating LNG Terminal (MLNG),মহেশখালী ফ্লোটিং এলএনজি টার্মিনাল (এমএলএনজি),Ship/ FSRU icon,"Maheshkhali FSRU
Owner and Operator: Excelerate Energy",
https://maps.app.goo.gl/L5SppiNEsApuxouAA,Project,Summit floating LNG Terminal,,,"Summit FSRU
Owner: Summit (22% owned by JERA), Mitsubishi
Operator: Excelerate Energy",
https://maps.app.goo.gl/JvVBbecxAHRR7j89A,Overlay,Moheshkhali - Cox's Bazar Road and Bridges,,,,
https://maps.app.goo.gl/uJBXSKw56nowwEdn7,Overlay,Matarbari High School,মাতারবাড়ি উচ্চ বিদ্যালয়,School/ Book,School,
https://maps.app.goo.gl/ZLisVKSABf6CNBZ89,Overlay,Bara Maheshkhali Government Primary School,বড় মহেশখালী সরকারী প্রাথমিক বিদ্যালয়,School/ Book,School,
https://maps.app.goo.gl/YXt6ub7JMsk5g2Jt9,Overlay,Moheshkhali Island High School,মহেশখালী দ্বীপ হাইস্কুল,School/ Book,School,
https://maps.app.goo.gl/pHi3nuR1xvNsFKJY9,Overlay,Primary School and Disaster Shelter,দক্ষিণমগডেইল সরকারি প্রাথমিক বিদ্যালয় ও বহুমুখী দুর্যোগ আশ্রয়কেন্দ্র মহেশখালী,School/ Book/ Shelter,School,
https://maps.app.goo.gl/91AVnUxMxQazYeCL8,Overlay,Mosque,,Muslim Mosque,Mosque,
https://maps.app.goo.gl/Mq4ESUoYewYWRqLD7,Overlay,Mosque,,Muslim Mosque,Mosque,
https://maps.app.goo.gl/e2hiMVuqCXo5Jp3L9,Overlay,Mosque,,Muslim Mosque,Mosque,
https://maps.app.goo.gl/TpvtD58bzpgm26pC8,Overlay,Mosque,,Muslim Mosque,Mosque,
https://maps.app.goo.gl/AV5f9nTrRFwtBhbu9,Overlay,Salt farms,,Salt,Salt farms,
,,,,,,
See this map for area reference of impacted community,https://drive.google.com/file/d/1Djcy7xjghDUpJT8OpBDWv_Kiq2fHa5gC/view?usp=sharing,,,,,